bondmie_aae,bondmie_mindef,bondmie_maxdef,bondmie_middef
0.1,0.856656,0.971063,0.91386
0.3,0.818784,0.923744,0.871264
0.5,0.778845,0.90488,0.841863
0.7,0.764685,0.877989,0.821337
0.9,0.753013,0.890559,0.821786
1.1,0.752517,1.05105,0.901783
1.3,0.767029,1.08962,0.928326
1.6,0.811395,1.03023,0.920813
